degree,num_advice,num_lookup,num_fixed,lookup_bits,limb_bits,num_limbs,proof_time,proof_size,verify_time
14,211,27,1,13,91,3,16.095201333s,95360,21.983416ms
15,105,14,1,14,90,3,13.975393666s,47904,12.434583ms
16,50,6,1,15,90,3,12.39645925s,22880,7.768666ms
17,25,3,1,16,88,3,12.028176333s,11648,5.161ms
18,13,2,1,17,88,3,13.162235625s,6208,3.915083ms
19,6,1,1,18,90,3,14.685742625s,3200,3.239541ms
20,3,1,1,19,88,3,21.056427916s,2048,2.891666ms
21,2,1,1,20,88,3,33.581800083s,1472,2.654375ms
22,1,1,1,21,88,3,54.833948291s,1056,2.463166ms
