degree,num_advice,num_lookup,num_fixed,lookup_bits,limb_bits,num_limbs,proof_time,proof_size,verify_time
14,211,27,1,13,91,3,17.367592625s,95712,20.892166ms
15,105,14,1,14,90,3,15.81757325s,48128,12.041375ms
16,50,6,1,15,90,3,14.064510291s,22880,7.46175ms
